Opentime,Open_EOS,fr_EOS,Open_NEO,fr_NEO
2020-02-17,4.385,0.0006626,14.191,0.00057557
2020-02-18,4.36,0.0013633,15.026,0.00268944
2020-02-19,4.588,0.00061321,15.568,0.00338288
2020-02-20,3.977,0.00043626,14.028,0.00030000000000000003
2020-02-21,4.001,0.00030000000000000003,14.035,0.00030000000000000003
2020-02-22,4.055,0.00041537,14.034,0.00031107
2020-02-23,4.105,0.00030000000000000003,13.738,0.00030000000000000003
2020-02-24,4.384,0.0005986,14.325,0.00030000000000000003
2020-02-25,4.126,0.0003658,13.393,0.00036934
2020-02-26,4.081,0.00030000000000000003,12.4,0.00030000000000000003
2020-02-27,3.539,0.00030000000000000003,10.999,0.00030000000000000003
2020-02-28,3.62,0.00039485999999999997,11.505,0.00030000000000000003
2020-02-29,3.516,0.0005516399999999999,11.31,0.00030000000000000003
2020-03-01,3.515,0.00088267,11.11,0.00030000000000000003
2020-03-02,3.513,0.00056963,11.329,0.00030000000000000003
2020-03-03,3.716,0.00065743,12.106,0.00030000000000000003
2020-03-04,3.628,0.00108256,11.568,0.00037830000000000003
2020-03-05,3.597,0.00078806,11.77,0.00030000000000000003
2020-03-06,3.767,0.0009025,12.075,0.00030000000000000003
2020-03-07,3.841,0.0017647000000000001,12.4,0.00030000000000000003
2020-03-08,3.644,0.00060862,11.611,0.00034292
2020-03-09,3.045,0.00030000000000000003,10.058,0.00030000000000000003
2020-03-10,3.061,0.00030000000000000003,9.917,0.00048719999999999997
2020-03-11,3.074,0.00030000000000000003,9.868,0.00030000000000000003
2020-03-12,3.068,-3.126999999999999e-05,9.441,0.00030000000000000003
2020-03-13,1.759,-0.00285942,5.63,0.00030000000000000003
2020-03-14,2.112,0.00088622,6.219,0.00030000000000000003
2020-03-15,1.961,0.00082908,5.739,0.00023154000000000002
2020-03-16,2.047,0.00030000000000000003,5.958,0.00030000000000000003
2020-03-17,1.893,0.00030000000000000003,5.379,0.00030000000000000003
2020-03-18,1.968,0.00030000000000000003,5.62,0.00030000000000000003
2020-03-19,2.001,0.00039702,5.726,0.00030000000000000003
2020-03-20,2.28,0.00075231,6.473,0.00030000000000000003
2020-03-21,2.207,0.00030000000000000003,6.28,0.00030000000000000003
2020-03-22,2.275,0.00049797,6.235,0.00030000000000000003
2020-03-23,2.137,0.00030000000000000003,5.93,0.00030000000000000003
2020-03-24,2.288,0.00030000000000000003,6.688,0.00030000000000000003
2020-03-25,2.346,0.00030000000000000003,6.894,0.00014369
2020-03-26,2.298,0.00030000000000000003,6.934,-5.3399999999999983e-05
2020-03-27,2.324,0.00030000000000000003,7.037,0.00030000000000000003
2020-03-28,2.192,0.00030000000000000003,6.481,-0.00199947
2020-03-29,2.2,0.00030000000000000003,6.615,-0.00109699
2020-03-30,2.115,0.00030000000000000003,6.176,0.00016592
2020-03-31,2.228,0.00030000000000000003,6.582,0.00030000000000000003
2020-04-01,2.21,0.00030000000000000003,6.776,0.00030000000000000003
2020-04-02,2.253,0.00030000000000000003,6.816,0.0002044
2020-04-03,2.291,0.00030000000000000003,6.967,-7.070000000000001e-05
2020-04-04,2.333,0.00030000000000000003,7.02,0.00030000000000000003
2020-04-05,2.358,0.00030000000000000003,7.203,0.00030000000000000003
2020-04-06,2.351,0.00030000000000000003,7.019,0.00030000000000000003
2020-04-07,2.759,0.00030000000000000003,7.829,0.00030000000000000003
2020-04-08,2.632,0.00030000000000000003,7.719,0.00027522
2020-04-09,2.749,0.00030000000000000003,7.998,0.00030000000000000003
2020-04-10,2.723,0.00030000000000000003,8.027,0.00030000000000000003
2020-04-11,2.492,0.00030000000000000003,7.3,0.00030000000000000003
2020-04-12,2.507,0.00030000000000000003,7.295,-0.00031130000000000003
2020-04-13,2.498,0.00030000000000000003,7.358,-7.81999999999999e-06
2020-04-14,2.441,0.00030000000000000003,7.277,0.00030000000000000003
2020-04-15,2.465,0.00030000000000000003,7.253,0.00030000000000000003
2020-04-16,2.399,0.00030000000000000003,6.987,0.00030000000000000003
2020-04-17,2.659,0.00030000000000000003,7.61,0.00017822
2020-04-18,2.614,0.00030000000000000003,7.459,0.00030000000000000003
2020-04-19,2.73,0.00030000000000000003,7.885,0.00030000000000000003
2020-04-20,2.597,0.00030000000000000003,7.614,0.00030000000000000003
2020-04-21,2.507,0.00030000000000000003,7.201,0.00030000000000000003
2020-04-22,2.52,0.00030000000000000003,7.221,0.00030000000000000003
2020-04-23,2.625,0.00030000000000000003,7.536,0.00030000000000000003
2020-04-24,2.682,0.00030000000000000003,7.857,0.00129668
2020-04-25,2.708,0.00030000000000000003,8.078,0.0012269400000000001
2020-04-26,2.705,0.00030000000000000003,8.438,0.00030000000000000003
2020-04-27,2.739,0.00030000000000000003,8.638,0.00030000000000000003
2020-04-28,2.745,0.00032153,8.427,0.00030000000000000003
2020-04-29,2.764,0.00056105,8.472,0.00052066
2020-04-30,3.011,0.0004324,9.227,0.00062618
2020-05-01,2.822,0.00030000000000000003,8.897,0.00030106
2020-05-02,2.874,0.00047075999999999997,9.02,0.00171186
2020-05-03,2.944,0.00067524,9.239,0.00090182
2020-05-04,2.838,0.00030000000000000003,9.077,0.00030000000000000003
2020-05-05,2.772,0.00030000000000000003,9.007,0.00030000000000000003
2020-05-06,2.772,0.00039119000000000003,9.098,0.00030000000000000003
2020-05-07,2.653,0.00030000000000000003,9.134,0.00030000000000000003
2020-05-08,2.758,0.0008916099999999999,9.89,2.1049999999999997e-05
2020-05-09,2.756,0.00212669,11.291,0.00030000000000000003
2020-05-10,2.753,0.00045703,10.99,0.00036685
2020-05-11,2.443,0.00030000000000000003,9.727,0.0008589100000000001
2020-05-12,2.397,0.00030000000000000003,9.633,0.00148379
2020-05-13,2.44,0.00030000000000000003,10.018,0.00053297
2020-05-14,2.524,0.00030000000000000003,10.284,0.00030000000000000003
2020-05-15,2.622,0.00030000000000000003,10.191,0.00030000000000000003
2020-05-16,2.583,0.00030000000000000003,10.041,0.00030000000000000003
2020-05-17,2.634,0.00030000000000000003,9.999,0.00030000000000000003
2020-05-18,2.618,0.00030000000000000003,10.149,0.00030000000000000003
2020-05-19,2.666,0.00030000000000000003,10.255,0.00030000000000000003
2020-05-20,2.655,0.00030000000000000003,10.309,0.00030499
2020-05-21,2.598,0.00030000000000000003,10.132,0.00030000000000000003
2020-05-22,2.461,0.00030000000000000003,9.539,0.00028722000000000003
2020-05-23,2.595,0.00030000000000000003,10.385,0.00030000000000000003
2020-05-24,2.561,0.00030000000000000003,10.205,0.00101716
2020-05-25,2.486,0.00030000000000000003,9.629,0.00030000000000000003
2020-05-26,2.528,0.00030000000000000003,9.916,0.00030000000000000003
2020-05-27,2.503,0.00030000000000000003,9.934,0.00030000000000000003
2020-05-28,2.573,0.00030000000000000003,10.008,0.00030000000000000003
2020-05-29,2.613,0.00030000000000000003,10.433,0.00030000000000000003
2020-05-30,2.616,0.00030000000000000003,10.238,0.00030000000000000003
2020-05-31,2.773,0.00030000000000000003,11.046,0.00057437
2020-06-01,2.673,0.00030000000000000003,10.934,0.00030000000000000003
2020-06-02,2.823,0.00110401,12.445,0.00190764
2020-06-03,2.677,0.00030000000000000003,12.103,0.00053114
2020-06-04,2.696,0.00030000000000000003,12.401,0.00092464
2020-06-05,2.724,0.00030000000000000003,12.188,0.00052956
2020-06-06,2.818,0.00073008,11.809,0.00030000000000000003
2020-06-07,2.801,0.00030000000000000003,11.811,0.00030000000000000003
2020-06-08,2.809,0.00030000000000000003,11.786,0.00054919
2020-06-09,2.79,0.00030000000000000003,11.664,0.00091917
2020-06-10,2.752,0.00030000000000000003,12.038,0.00092284
2020-06-11,2.757,0.00030000000000000003,11.95,0.00095794
2020-06-12,2.515,0.00030000000000000003,10.699,0.00030000000000000003
2020-06-13,2.598,0.00030000000000000003,10.92,0.00030000000000000003
2020-06-14,2.606,0.00030000000000000003,11.081,0.00030000000000000003
2020-06-15,2.568,0.00030000000000000003,10.617,0.00040182
2020-06-16,2.532,0.00030000000000000003,10.421,0.00030000000000000003
2020-06-17,2.554,0.00030000000000000003,10.575,0.00030000000000000003
2020-06-18,2.568,0.00030000000000000003,10.589,0.00030000000000000003
2020-06-19,2.537,0.00030000000000000003,10.416,0.00030000000000000003
2020-06-20,2.524,0.00030000000000000003,10.264,0.00030000000000000003
2020-06-21,2.534,0.00030000000000000003,10.277,0.00030000000000000003
2020-06-22,2.515,0.00030000000000000003,10.306,0.00030000000000000003
2020-06-23,2.585,0.00030000000000000003,10.796,0.00034428
2020-06-24,2.572,0.00030000000000000003,10.959,0.00030845
2020-06-25,2.501,0.00030000000000000003,10.49,0.00030061
2020-06-26,2.479,0.00030000000000000003,10.338,0.00030000000000000003
2020-06-27,2.481,0.00030000000000000003,10.198,0.00030000000000000003
2020-06-28,2.331,0.00030000000000000003,9.699,0.00030000000000000003
2020-06-29,2.367,0.00030000000000000003,10.033,0.00030000000000000003
2020-06-30,2.379,0.00030000000000000003,10.21,0.00030000000000000003
2020-07-01,2.367,0.00030000000000000003,10.037,0.00030000000000000003
2020-07-02,2.376,0.00030000000000000003,10.151,0.00030000000000000003
2020-07-03,2.358,0.00030000000000000003,9.922,0.00030000000000000003
2020-07-04,2.416,0.00030000000000000003,9.778,0.00030000000000000003
2020-07-05,2.459,0.00030000000000000003,9.972,0.00030000000000000003
2020-07-06,2.408,0.00030000000000000003,10.075,0.00030000000000000003
2020-07-07,2.61,0.00030000000000000003,10.581,0.00030000000000000003
2020-07-08,2.56,0.00030000000000000003,10.585,0.00270594
2020-07-09,2.68,0.00030000000000000003,11.1,0.00147139
2020-07-10,2.65,0.00030000000000000003,10.781,0.00030000000000000003
2020-07-11,2.624,0.00035103,10.514,0.00096401
2020-07-12,2.623,0.00030000000000000003,10.754,0.00080239
2020-07-13,2.62,0.00030000000000000003,10.805,0.00224914
2020-07-14,2.554,0.00030000000000000003,10.671,0.00030000000000000003
2020-07-15,2.56,0.00030000000000000003,10.849,0.0009215100000000001
2020-07-16,2.538,0.00030000000000000003,11.017,0.0008721299999999999
2020-07-17,2.502,0.00030000000000000003,10.709,0.00030000000000000003
2020-07-18,2.496,0.00030000000000000003,10.587,0.00048853
2020-07-19,2.502,0.00030000000000000003,10.549,0.00030000000000000003
2020-07-20,2.586,0.00030000000000000003,10.673,0.00054657
2020-07-21,2.564,0.00030000000000000003,10.389,0.00044208
2020-07-22,2.624,0.00030000000000000003,11.211,0.00101556
2020-07-23,2.662,0.001232,11.58,0.00179116
2020-07-24,2.656,0.00120271,11.455,0.00123922
2020-07-25,2.598,0.00118358,11.122,0.00063671
2020-07-26,2.732,0.00268522,11.618,0.00243125
2020-07-27,2.715,0.002303,11.633,0.0017824
2020-07-28,2.851,0.0035298,11.652,0.00210222
2020-07-29,3.001,0.0034668399999999997,11.75,0.00356638
2020-07-30,3.028,0.0027075099999999998,11.675,0.00196745
2020-07-31,3.05,0.00272004,11.788,0.0019765299999999998
2020-08-01,3.098,0.0024500900000000003,12.267,0.00226208
2020-08-02,3.307,0.00194611,13.424,0.00350269
2020-08-03,2.948,0.00100225,12.195,0.00121997
2020-08-04,3.05,0.00156605,12.419,0.00206836
2020-08-05,3.042,0.0017243599999999999,12.569,0.00202194
2020-08-06,3.057,0.00226605,12.881,0.00235992
2020-08-07,3.093,0.0017865799999999999,12.975,0.00165405
2020-08-08,3.013,0.00043892,12.867,0.00098137
2020-08-09,3.068,0.0008975299999999999,13.17,0.00256391
2020-08-10,3.031,0.0019172999999999998,13.036,0.00388686
2020-08-11,3.242,0.00219126,14.563,0.00487704
2020-08-12,3.009,0.00046067,13.732,0.00103725
2020-08-13,3.029,0.0012024599999999998,14.35,0.00196037
2020-08-14,3.142,0.00291312,14.572,0.00658961
2020-08-15,3.268,0.00380706,14.847,0.00439731
2020-08-16,3.728,0.00280029,15.114,0.00374079
2020-08-17,3.885,0.0028493299999999997,15.537,0.00259241
2020-08-18,3.781,0.00228269,16.56,0.00235709
2020-08-19,3.581,0.00108505,16.124,0.00040966
2020-08-20,3.352,0.0007693800000000001,15.856,0.00033009
2020-08-21,3.447,0.00048059000000000003,17.86,0.00030000000000000003
2020-08-22,3.256,0.00045704999999999997,16.393,0.00030000000000000003
2020-08-23,3.364,0.00032816000000000003,18.963,0.00030000000000000003
2020-08-24,3.325,0.00072588,18.167,0.00062132
2020-08-25,3.388,0.0004542,18.087,0.00082207
2020-08-26,3.122,0.00030000000000000003,17.025,0.00032872
2020-08-27,3.121,0.00030627,17.341,0.00030000000000000003
2020-08-28,2.983,0.00030000000000000003,17.673,0.00030000000000000003
2020-08-29,3.12,0.0006587800000000001,18.325,0.00044639
2020-08-30,3.129,0.00075968,21.126,0.0009076099999999999
2020-08-31,3.266,0.00131161,20.684,0.00206674
2020-09-01,3.213,0.00195889,20.455,0.00235213
2020-09-02,3.475,0.00198933,21.537,0.00198818
2020-09-03,3.106,0.00030000000000000003,20.35,0.00079287
2020-09-04,2.612,0.00030000000000000003,17.707,0.00030000000000000003
2020-09-05,2.994,0.00030000000000000003,18.908,0.00030000000000000003
2020-09-06,2.94,0.00030000000000000003,16.952,0.00030000000000000003
2020-09-07,2.903,0.00030000000000000003,17.145,0.00029916000000000003
2020-09-08,2.854,0.00030000000000000003,18.221,0.00030000000000000003
2020-09-09,2.761,0.00030000000000000003,17.12,0.00030000000000000003
2020-09-10,2.75,0.00030000000000000003,17.272,0.00030000000000000003
2020-09-11,2.776,0.00030000000000000003,18.47,0.00030000000000000003
2020-09-12,2.785,0.00030000000000000003,20.34,0.00030000000000000003
2020-09-13,2.806,0.00030000000000000003,21.729,0.00030000000000000003
2020-09-14,2.727,0.00030000000000000003,20.345,0.00030000000000000003
2020-09-15,2.733,0.00030000000000000003,22.07,0.00030000000000000003
2020-09-16,2.704,0.00030000000000000003,20.263,0.00030000000000000003
2020-09-17,2.714,0.00030000000000000003,20.985,0.00030000000000000003
2020-09-18,2.739,0.00030000000000000003,23.857,0.00049154
2020-09-19,2.692,0.00030000000000000003,25.328,-0.0010790300000000001
2020-09-20,2.704,0.00030000000000000003,24.504,-0.00072525
2020-09-21,2.674,0.00030000000000000003,23.563,0.00030000000000000003
2020-09-22,2.506,0.00030000000000000003,20.072,-0.0008350899999999999
2020-09-23,2.57,0.00030000000000000003,20.193,-0.00172521
2020-09-24,2.442,0.00030000000000000003,19.643,-0.00048022
2020-09-25,2.534,0.00030000000000000003,21.752,-0.0034626500000000003
2020-09-26,2.546,0.00030000000000000003,21.271,-0.00202495
2020-09-27,2.566,0.00030000000000000003,20.912,-0.00460883
2020-09-28,2.591,0.00030000000000000003,21.096,-0.00458269
2020-09-29,2.562,0.00030000000000000003,20.092,-0.00444936
2020-09-30,2.601,0.00030000000000000003,19.647,-0.00044719
2020-10-01,2.579,0.00030000000000000003,19.073,-0.00061303
2020-10-02,2.545,0.00030000000000000003,18.743,-0.00166061
2020-10-03,2.479,0.00030000000000000003,18.07,-0.00079392
2020-10-04,2.477,0.00030000000000000003,17.771,-0.00111228
2020-10-05,2.517,0.00030000000000000003,18.104,-0.00046493999999999995
2020-10-06,2.527,0.00030000000000000003,17.614,-0.0017009899999999999
2020-10-07,2.696,0.00030000000000000003,16.556,0.00027364
2020-10-08,2.643,0.00030000000000000003,16.77,0.00030000000000000003
2020-10-09,2.606,0.00030000000000000003,17.037,0.00030000000000000003
2020-10-10,2.641,0.00030000000000000003,17.389,0.00030000000000000003
2020-10-11,2.643,0.00030000000000000003,17.539,0.00030000000000000003
2020-10-12,2.659,0.00030000000000000003,17.772,0.00030000000000000003
2020-10-13,2.646,0.00030000000000000003,17.993,0.00030000000000000003
2020-10-14,2.641,0.00030000000000000003,17.599,0.00030000000000000003
2020-10-15,2.608,0.00030000000000000003,16.958,0.00030000000000000003
2020-10-16,2.6,0.00030000000000000003,17.237,-0.00043745
2020-10-17,2.539,0.00030000000000000003,17.02,0.00030000000000000003
2020-10-18,2.524,0.00030000000000000003,17.189,0.00030000000000000003
2020-10-19,2.547,0.00033039,17.42,0.00030000000000000003
2020-10-20,2.583,0.00059105,17.566,0.00027486000000000003
2020-10-21,2.528,0.00067142,16.949,0.00020294
2020-10-22,2.608,0.00117579,18.318,0.00042785
2020-10-23,2.673,0.00098726,18.673,0.00030000000000000003
2020-10-24,2.643,0.00099658,18.13,0.00034056
2020-10-25,2.664,0.00107233,18.32,0.00046556000000000006
2020-10-26,2.711,0.00069146,17.881,0.00030000000000000003
2020-10-27,2.631,0.00030000000000000003,17.085,0.00030000000000000003
2020-10-28,2.674,0.00040182,17.017,0.00030000000000000003
2020-10-29,2.656,0.00043288,15.866,0.00030000000000000003
2020-10-30,2.64,0.00030000000000000003,15.279,0.00030000000000000003
2020-10-31,2.505,0.00030000000000000003,14.778,0.00013775000000000001
2020-11-01,2.528,0.00030000000000000003,14.692,0.00022701
2020-11-02,2.518,0.00030000000000000003,14.945,0.0006332800000000001
2020-11-03,2.432,0.00025104,15.218,0.00030000000000000003
2020-11-04,2.364,0.00030000000000000003,14.676,-0.00020018999999999997
2020-11-05,2.351,0.00030000000000000003,14.047,0.00026979
2020-11-06,2.449,0.0009236699999999999,14.395,0.00030000000000000003
2020-11-07,2.537,0.00166116,15.744,0.00043498
2020-11-08,2.499,0.00030000000000000003,14.841,0.00030000000000000003
2020-11-09,2.537,0.00030000000000000003,15.452,0.00030000000000000003
2020-11-10,2.5,0.00047872999999999997,15.39,0.00030000000000000003
2020-11-11,2.501,0.00072622,15.591,0.00030000000000000003
2020-11-12,2.5,0.00045015999999999996,15.374,0.00030000000000000003
2020-11-13,2.465,0.0003765,15.442,8.630000000000004e-06
2020-11-14,2.602,0.00041171999999999997,16.002,-0.00011745999999999998
2020-11-15,2.538,0.00030000000000000003,15.673,-0.00010865999999999999
2020-11-16,2.499,0.00030000000000000003,15.29,-0.00053012
2020-11-17,2.584,0.00034079,15.707,0.00012643000000000002
2020-11-18,2.72,0.00069551,16.15,0.00030000000000000003
2020-11-19,2.639,0.00030000000000000003,15.719,0.00030000000000000003
2020-11-20,2.639,0.00064693,16.079,0.00030000000000000003
2020-11-21,2.784,0.00118844,16.441,0.00050708
2020-11-22,3.241,0.00275508,18.339,0.00051652
2020-11-23,3.069,0.0040387900000000004,17.221,0.00211674
2020-11-24,3.383,0.00224425,19.17,0.0041872
2020-11-25,3.607,0.00213797,20.55,0.00278353
2020-11-26,3.429,0.00030000000000000003,19.724,0.00067452
2020-11-27,2.952,0.00030000000000000003,17.21,0.00030000000000000003
2020-11-28,2.873,0.00030000000000000003,17.102,0.00030000000000000003
2020-11-29,2.997,0.00030000000000000003,17.515,0.00030000000000000003
2020-11-30,3.033,0.00044558,17.692,0.00030000000000000003
2020-12-01,3.263,0.00100484,18.597,0.00039265
2020-12-02,2.995,0.00030000000000000003,17.531,0.00030000000000000003
2020-12-03,3.057,0.0009704,18.025,0.00030000000000000003
2020-12-04,3.084,0.0006334600000000001,18.853,0.00030000000000000003
2020-12-06,3.011,0.0002,17.978,0.00030000000000000003
2020-12-07,3.0,0.00077344,17.896,0.00030000000000000003
2020-12-08,2.953,0.00043844,17.466,0.00030000000000000003
2020-12-09,2.804,0.00030000000000000003,16.457,0.00030000000000000003
2020-12-10,2.811,0.00030000000000000003,16.892,0.00030000000000000003
2020-12-11,2.742,0.00030000000000000003,16.248,0.00030000000000000003
2020-12-12,2.696,0.00030000000000000003,15.903,0.00030000000000000003
2020-12-13,2.769,0.00030000000000000003,16.467,0.00030000000000000003
2020-12-14,2.853,0.00030000000000000003,17.277,0.00030000000000000003
2020-12-15,2.849,0.00030049,17.4,0.00030000000000000003
2020-12-16,2.863,0.00047144000000000005,17.109,0.00030000000000000003
2020-12-17,3.105,0.0022159099999999998,17.98,0.0018001100000000002
2020-12-18,3.045,0.00207344,17.785,0.00113538
2020-12-19,3.063,0.00215622,17.937,0.00290238
2020-12-20,3.056,0.00201606,17.858,0.00188612
2020-12-21,3.138,0.00136337,17.553,0.0012740800000000001
2020-12-22,2.933,0.0004938,16.544,0.00030000000000000003
2020-12-23,2.899,0.00030000000000000003,16.536,0.00030000000000000003
2020-12-24,2.312,-1.8800000000000023e-06,13.448,0.00030000000000000003
2020-12-25,2.667,0.00030000000000000003,15.245,0.00030000000000000003
2020-12-26,2.667,0.00030000000000000003,15.163,-0.00108979
2020-12-27,2.614,0.00055168,14.957,0.00030000000000000003
2020-12-28,2.72,0.00111381,15.114,0.00030000000000000003
2020-12-29,2.767,0.00055852,15.626,0.00030000000000000003
2020-12-30,2.643,0.00058615,15.059,0.00030000000000000003
2020-12-31,2.616,0.00065169,14.719,0.00030000000000000003
2021-01-01,2.593,0.00090172,14.249,0.00030000000000000003
2021-01-02,2.64,0.00106265,14.451,0.00030000000000000003
2021-01-03,2.633,0.00283681,14.43,0.00165393
2021-01-04,2.806,0.00420018,16.049,0.00264212
2021-01-05,2.823,0.0017213,16.369,0.00030000000000000003
2021-01-06,2.888,0.00445916,16.871,0.0032058599999999996
2021-01-07,3.38,0.00414427,19.602,0.00636071
2021-01-08,3.202,0.00237743,20.976,0.00181512
2021-01-09,3.113,0.0027854200000000003,19.793,0.00284855
2021-01-10,3.626,0.00609521,21.372,0.00277128
2021-01-11,3.063,0.0010332100000000001,24.94,0.00030000000000000003
2021-01-12,2.67,0.00034796,23.697,0.00091525
2021-01-13,2.597,0.0006633,22.156,0.00044519000000000004
2021-01-14,2.771,0.0007376399999999999,23.251,0.00174477
2021-01-15,2.813,0.00148403,23.16,0.00245494
2021-01-16,2.759,0.00136329,23.452,0.0012879900000000001
2021-01-17,2.78,0.00126628,23.621,0.00151178
2021-01-18,2.768,0.00217431,23.868,0.00293852
2021-01-19,2.82,0.00442922,27.162,0.0060373399999999995
2021-01-20,2.794,0.00186475,26.314,0.00169087
2021-01-21,2.78,0.00129405,26.099,0.00030000000000000003
2021-01-22,2.547,0.00030000000000000003,22.111,0.00030000000000000003
2021-01-23,2.626,0.00067008,23.427,0.00033702000000000005
2021-01-24,2.705,0.0009564700000000001,24.457,0.0022651900000000003
2021-01-25,2.717,0.00175973,24.475,0.00247586
2021-01-26,2.652,0.0013411800000000002,23.306,0.00030000000000000003
2021-01-27,2.632,0.00078934,23.18,0.00030000000000000003
2021-01-28,2.503,0.00058466,21.04,0.00030000000000000003
2021-01-29,2.711,0.00241341,22.248,0.0008698299999999999
2021-01-30,2.728,0.00128238,22.607,0.00118205
2021-01-31,2.934,0.00237435,22.912,0.00213387
2021-02-01,2.933,0.00300416,22.337,0.00253779
2021-02-02,3.06,0.00334988,23.138,0.00405335
2021-02-03,3.001,0.00537229,23.764,0.00642588
2021-02-04,3.07,0.00321278,24.76,0.00521704
2021-02-05,3.028,0.0038160299999999998,23.786,0.0078388
2021-02-06,3.319,0.00364933,26.13,0.006062359999999999
2021-02-07,3.217,0.0029857399999999997,24.895,0.00338828
2021-02-08,3.444,0.00371257,24.557,0.004377300000000001
2021-02-09,3.604,0.0053595299999999995,27.499,0.01005543
2021-02-10,4.176,0.00676505,31.156,0.00999597
2021-02-11,4.134,0.00358203,33.514,0.00467991
2021-02-12,4.592,0.00523008,36.385,0.0071768299999999995
2021-02-13,4.761,0.00550945,37.691,0.008395350000000001
2021-02-14,5.572,0.00564542,42.598,0.008509300000000001
2021-02-15,5.076,0.0013811500000000003,44.075,0.0031892
2021-02-16,4.719,0.00288262,41.634,0.00214092
2021-02-17,4.646,0.00264542,41.053,0.00365454
2021-02-18,4.849,0.00550166,42.702,0.00795798
2021-02-19,4.826,0.0053402499999999995,43.912,0.007702229999999999
2021-02-20,5.234,0.00548169,47.971,0.01026683
2021-02-21,4.843,0.00126378,43.856,0.00451084
2021-02-22,5.109,0.0009846500000000001,54.991,0.0018537900000000001
2021-02-23,4.691,0.00022575,46.988,0.00030000000000000003
2021-02-24,3.849,0.00030000000000000003,38.691,0.00030000000000000003
2021-02-25,3.887,0.00030000000000000003,40.662,0.00030000000000000003
2021-02-26,3.67,0.00030000000000000003,38.476,0.00030000000000000003
2021-02-27,3.55,0.00030000000000000003,37.661,0.00035272
2021-02-28,3.674,0.00030000000000000003,37.286,0.00030000000000000003
2021-03-01,3.479,0.00030000000000000003,35.242,0.00030000000000000003
2021-03-02,3.71,0.00046009,38.186,0.00030000000000000003
2021-03-03,3.672,0.00095548,37.737,0.00059403
2021-03-04,3.829,0.00051881,39.622,0.00042192
2021-03-05,3.752,0.00030000000000000003,37.869,0.00030000000000000003
2021-03-06,3.693,0.00053674,37.439,0.00030000000000000003
2021-03-07,3.723,0.00060801,38.146,0.0006770700000000001
2021-03-08,3.835,0.00130854,39.337,0.0005911099999999999
2021-03-09,3.904,0.00284203,40.17,0.002974
2021-03-10,4.173,0.0027507499999999997,42.687,0.00313853
2021-03-11,3.994,0.00125421,40.936,0.00202527
2021-03-12,3.958,0.00110937,42.073,0.00247606
2021-03-13,3.786,0.00140696,39.926,0.00247385
2021-03-14,4.293,0.0033825599999999997,42.177,0.00455307
2021-03-15,3.927,0.0012996799999999999,39.604,0.00227357
2021-03-16,3.817,0.00133126,38.638,0.0012045900000000002
2021-03-17,4.072,0.00146495,40.851,0.0025189699999999997
2021-03-18,4.093,0.00266442,46.581,0.00486575
2021-03-19,4.15,0.00152588,43.723,0.00353545
2021-03-20,4.144,0.0028600099999999996,44.071,0.00463731
2021-03-21,4.337,0.00210137,43.104,0.00219272
2021-03-22,4.16,0.00129527,42.488,0.00317942
2021-03-23,4.082,0.00043502000000000005,40.7,0.0006678599999999999
2021-03-24,4.093,0.0009036199999999999,41.107,0.00206541
2021-03-25,3.692,0.00030568,39.502,0.00055771
2021-03-26,3.676,0.00079698,38.692,0.0007165299999999999
2021-03-27,4.192,0.00108171,41.75,0.00134296
2021-03-28,4.095,0.00139113,41.194,0.0030610100000000003
2021-03-29,4.113,0.00132558,44.843,0.00382073
2021-03-30,4.282,0.00190593,45.605,0.0045297
2021-03-31,4.345,0.00231373,45.023,0.00314425
2021-04-01,4.813,0.00388822,50.935,0.00477635
2021-04-02,5.607,0.00632864,52.417,0.00416756
2021-04-03,6.265,0.00472791,53.085,0.00593016
2021-04-04,5.417,0.0024542799999999997,50.759,0.00175983
2021-04-05,6.288,0.00330141,54.602,0.00301805
2021-04-06,6.704,0.00376719,59.163,0.004960259999999999
2021-04-07,6.655,0.00144742,63.06,0.00153709
2021-04-08,5.892,0.00220762,59.872,0.00216571
2021-04-09,6.451,0.00300922,63.432,0.00267654
2021-04-10,6.218,0.00466708,60.959,0.00423463
2021-04-11,6.626,0.0035465699999999998,61.783,0.00549317
2021-04-12,6.738,0.0033852500000000002,64.055,0.0055711300000000005
2021-04-13,6.486,0.00501417,64.685,0.00564111
2021-04-14,7.394,0.00490059,66.723,0.00695484
2021-04-15,7.681,0.00485209,69.318,0.00637217
2021-04-16,7.9,0.00523328,74.891,0.006129170000000001
2021-04-17,8.517,0.0044370699999999996,86.972,0.00610185
2021-04-18,7.794,0.00112921,94.068,0.0013012
2021-04-19,7.29,0.00030000000000000003,120.017,0.00126432
2021-04-20,6.606,0.00056223,109.223,0.00039014
2021-04-21,6.699,0.00074609,108.161,0.00040735
2021-04-22,6.323,0.00076836,96.96,0.00060151
2021-04-23,5.862,0.00030000000000000003,89.829,0.00030000000000000003
2021-04-24,5.573,0.00030000000000000003,86.093,0.00030000000000000003
2021-04-25,5.089,0.00033884,79.441,0.00030000000000000003
2021-04-26,5.002,0.00030000000000000003,79.511,0.00030000000000000003
2021-04-27,5.867,0.00030000000000000003,90.227,0.00030000000000000003
2021-04-28,6.066,0.00055539,94.152,0.00035654
2021-04-29,5.96,0.0008898,91.912,0.00053036
2021-04-30,5.899,0.00129919,89.543,0.0010324800000000001
2021-05-01,6.457,0.00163766,97.173,0.00246594
2021-05-02,6.621,0.0016676199999999999,102.451,0.00281859
2021-05-03,6.535,0.0024182500000000003,106.924,0.00300763
2021-05-04,6.819,0.00224754,107.312,0.00210873
2021-05-05,6.342,0.00213773,96.458,0.00204647
2021-05-06,8.732,0.00412139,114.985,0.00323428
2021-05-07,11.49,0.00325225,122.895,0.00311913
2021-05-08,10.379,0.0028351699999999997,117.846,0.0034588400000000004
2021-05-09,10.355,0.00300086,116.512,0.0022259000000000003
2021-05-10,10.539,0.00350384,119.688,0.00273836
2021-05-11,9.271,0.0005937399999999999,104.868,0.00055829
2021-05-12,14.523,0.00151272,115.672,0.00070226
2021-05-13,10.366,0.00044492,94.27,0.00030000000000000003
2021-05-14,10.614,0.00030000000000000003,96.68,0.00030000000000000003
2021-05-15,11.16,0.00032768,100.869,0.00048561000000000003
2021-05-16,10.237,0.00040949,92.688,0.00065337
2021-05-17,10.112,0.00068338,92.881,0.00045314
2021-05-18,9.146,0.0007116399999999999,85.641,0.00032261
2021-05-19,9.329,-0.00461211,87.492,-0.0073
2021-05-20,5.683,0.00030000000000000003,54.996,2.7600000000000075e-06
2021-05-21,6.645,0.00030000000000000003,71.397,0.00015336
2021-05-22,5.554,0.00030000000000000003,57.805,-0.00047112999999999994
2021-05-23,5.102,0.00030000000000000003,51.383,-4.559999999999997e-06
2021-05-24,4.288,0.00016160000000000002,43.042,-0.00070814
2021-05-25,5.641,0.00030000000000000003,53.97,-0.00025363
2021-05-26,5.691,0.00030000000000000003,56.529,0.00023317000000000002
2021-05-27,6.433,0.00030000000000000003,62.449,0.00027002
2021-05-28,7.023,0.00030000000000000003,62.913,0.00015111
2021-05-29,6.114,0.00030000000000000003,54.342,0.00030000000000000003
2021-05-30,6.023,0.00030000000000000003,50.156,0.00030000000000000003
2021-05-31,6.034,0.00030000000000000003,51.49,0.00030000000000000003
2021-06-01,6.628,0.00030000000000000003,55.885,0.00030000000000000003
2021-06-02,6.303,0.00030000000000000003,53.916,0.00030000000000000003
2021-06-03,6.373,0.00030000000000000003,57.79,0.00030000000000000003
2021-06-04,6.534,0.00030000000000000003,61.351,0.00030000000000000003
2021-06-05,6.016,0.00030000000000000003,56.204,0.00030000000000000003
2021-06-06,5.774,0.00030000000000000003,55.567,0.00030000000000000003
2021-06-07,5.845,0.00030000000000000003,56.724,0.00030000000000000003
2021-06-08,5.188,0.000261,51.122,0.00030000000000000003
2021-06-09,5.049,0.00019576,48.744,0.00029611000000000004
2021-06-10,5.338,0.00030000000000000003,51.315,-9.419e-05
2021-06-11,5.079,0.00030000000000000003,50.59,0.00013359
2021-06-12,4.916,0.00030000000000000003,47.432,-0.0001456
2021-06-13,4.829,0.00030000000000000003,46.259,0.00018067000000000002
2021-06-14,5.09,0.00030000000000000003,49.188,0.00030000000000000003
2021-06-15,5.296,0.00030000000000000003,50.742,0.00030000000000000003
2021-06-16,5.181,0.00030000000000000003,50.138,0.00030000000000000003
2021-06-17,4.864,0.00030000000000000003,48.657,0.00030000000000000003
2021-06-18,4.87,0.00030000000000000003,48.628,0.00030000000000000003
2021-06-19,4.561,0.00030000000000000003,45.403,0.00030000000000000003
2021-06-20,4.46,0.00026148,44.412,0.00030000000000000003
2021-06-21,4.506,0.00019252,44.68,0.00030000000000000003
2021-06-22,3.517,0.00015338,32.0,0.00030000000000000003
2021-06-23,3.387,-0.00017127,30.13,-7.795e-05
2021-06-24,3.671,8.684e-05,33.453,-4.466999999999999e-05
2021-06-25,3.923,0.00026081,35.026,0.00011259
2021-06-26,3.531,0.00030000000000000003,31.176,9.224e-05
2021-06-27,3.569,0.00030000000000000003,31.144,-0.00026162
2021-06-28,3.775,0.00030000000000000003,31.929,2.940000000000001e-05
2021-06-29,3.851,0.00030000000000000003,33.158,0.00011106000000000001
2021-06-30,4.13,0.00030000000000000003,35.106,0.00030000000000000003
2021-07-01,4.137,0.00030000000000000003,36.624,0.00027341
2021-07-02,3.92,0.00030000000000000003,34.08,0.00030000000000000003
2021-07-03,3.922,0.00030000000000000003,35.415,0.00027409
2021-07-04,4.051,0.00030000000000000003,36.325,0.00030000000000000003
2021-07-05,4.061,0.00030000000000000003,37.522,0.00024205
2021-07-06,3.809,0.00030000000000000003,35.924,0.00030000000000000003
2021-07-07,3.876,0.00030000000000000003,36.844,0.00030000000000000003
2021-07-08,3.822,0.00030000000000000003,36.986,0.00013261000000000002
2021-07-09,3.595,0.00030000000000000003,33.987,6.766e-05
2021-07-10,4.22,0.00030000000000000003,34.649,0.00017912
2021-07-11,3.965,0.00030000000000000003,34.066,0.00029825
2021-07-12,4.079,0.00030000000000000003,34.202,0.00030000000000000003
2021-07-13,4.188,0.00030000000000000003,33.718,0.00024683
2021-07-14,3.89,0.00030000000000000003,33.439,-0.00013129
2021-07-15,3.797,0.00030000000000000003,32.81,0.00026313
2021-07-16,3.671,0.00030000000000000003,31.378,0.00022276000000000002
2021-07-17,3.652,0.00030000000000000003,29.662,0.00019771
2021-07-18,3.656,0.00028068,29.559,0.0002124
2021-07-19,3.636,0.00027213,29.69,0.00011231000000000001
2021-07-20,3.435,0.00027864000000000003,27.698,-1.3099999999999993e-05
2021-07-21,3.257,0.00017584000000000002,25.817,-0.00016436
2021-07-22,3.502,0.00030000000000000003,27.898,0.00027936
2021-07-23,3.562,0.00030000000000000003,28.898,0.00030000000000000003
2021-07-24,3.634,0.00030000000000000003,29.562,0.00030000000000000003
2021-07-25,3.664,0.00028484,30.704,0.00030000000000000003
2021-07-26,3.656,0.00030000000000000003,30.715,0.00030000000000000003
2021-07-27,3.678,0.00030000000000000003,32.442,0.00030000000000000003
2021-07-28,3.754,0.00030000000000000003,34.037,0.00030000000000000003
2021-07-29,3.92,0.00030000000000000003,34.562,0.00030000000000000003
2021-07-30,3.967,0.00030000000000000003,35.249,0.00030000000000000003
2021-07-31,4.066,0.00030000000000000003,41.659,0.00030000000000000003
2021-08-01,4.07,0.00030000000000000003,45.807,0.00030000000000000003
2021-08-02,3.937,0.00030000000000000003,42.113,0.00030000000000000003
2021-08-03,4.027,0.00030000000000000003,43.41,0.00030000000000000003
2021-08-04,4.025,0.00030000000000000003,41.496,0.00030000000000000003
2021-08-05,4.117,0.00030000000000000003,43.672,0.00030000000000000003
2021-08-06,4.192,0.00030000000000000003,43.93,0.00038735
2021-08-07,4.324,0.0004556,44.509,0.0005739
2021-08-08,4.594,0.00059196,46.983,0.0007265
2021-08-09,4.299,0.00030000000000000003,45.094,0.00030051000000000003
2021-08-10,4.538,0.00075451,46.532,0.0006448299999999999
2021-08-11,4.601,0.00087232,46.768,0.0012966
2021-08-12,4.756,0.00106209,48.754,0.0009218700000000001
2021-08-13,4.663,0.00072728,48.659,0.00074522
2021-08-14,5.161,0.00096498,55.46,0.00130833
2021-08-15,5.49,0.0006817,55.856,0.00146948
2021-08-16,5.703,0.0016534700000000002,59.052,0.00241887
2021-08-17,5.519,0.00037427,56.378,0.00073706
2021-08-18,5.065,0.00030000000000000003,51.883,0.00030000000000000003
2021-08-19,4.981,0.00030000000000000003,51.636,0.00030000000000000003
2021-08-20,5.257,0.00039537999999999997,54.41,0.00068236
2021-08-21,5.46,0.00102299,56.57,0.00118498
2021-08-22,5.362,0.00128984,55.436,0.00119498
2021-08-23,5.42,0.00179479,55.549,0.00199528
2021-08-24,5.601,0.00194686,60.878,0.00199109
2021-08-25,5.062,0.00030000000000000003,55.574,0.00040188
2021-08-26,5.211,0.00036057,56.38,0.00030000000000000003
2021-08-27,4.743,0.00030000000000000003,51.38,0.00030000000000000003
2021-08-28,5.092,0.0008213999999999999,55.496,0.00041857
2021-08-29,5.011,0.0005146,54.64,0.00039126
2021-08-30,5.061,0.00051375,54.486,0.00041355
2021-08-31,4.823,0.00114202,51.613,0.0005817699999999999
2021-09-01,5.04,0.00136355,52.147,0.0009856
2021-09-02,5.318,0.0016451,55.238,0.00199571
2021-09-03,5.261,0.0021600300000000003,55.496,0.00247483
2021-09-04,5.677,0.00202274,57.35,0.0027476799999999997
2021-09-05,5.699,0.00167085,58.068,0.0030045000000000002
2021-09-06,6.302,0.00209926,65.882,0.00285841
2021-09-07,6.223,0.00109229,63.754,-7.412999999999994e-05
2021-09-08,4.885,0.00030000000000000003,49.879,0.00030000000000000003
2021-09-09,4.745,0.00030000000000000003,49.11,0.00030000000000000003
2021-09-10,4.819,0.00030000000000000003,50.653,0.00030000000000000003
2021-09-11,4.567,0.00030000000000000003,48.074,0.00030000000000000003
2021-09-12,4.677,0.00030000000000000003,49.028,0.00030000000000000003
2021-09-13,4.883,0.00030000000000000003,51.564,0.00030000000000000003
2021-09-14,4.742,0.00030000000000000003,48.442,0.00030000000000000003
2021-09-15,4.866,0.00030000000000000003,51.785,0.00030000000000000003
2021-09-16,5.109,0.00038608,52.81,0.00030000000000000003
2021-09-17,5.022,0.00037069,50.614,0.00030000000000000003
2021-09-18,5.255,0.00030000000000000003,48.81,0.00030000000000000003
2021-09-19,5.471,0.00033085000000000005,49.654,0.00030000000000000003
2021-09-20,4.909,0.00030000000000000003,48.171,0.00030000000000000003
2021-09-21,4.201,0.00030000000000000003,41.553,0.00030000000000000003
2021-09-22,3.885,0.00030000000000000003,37.453,0.00030000000000000003
2021-09-23,4.3,0.00030000000000000003,42.907,0.00025975
2021-09-24,4.37,0.00030000000000000003,43.87,0.00030000000000000003
2021-09-25,4.026,0.00030000000000000003,39.695,-0.00015746
2021-09-26,4.008,0.00020944,38.964,-3.284e-05
2021-09-27,3.968,0.00026927,38.652,0.00019694
2021-09-28,3.825,0.00026608000000000003,37.374,0.00017269
2021-09-29,3.678,0.00025258,35.852,0.00024031
2021-09-30,3.741,0.00018198000000000002,37.016,9.101e-05
2021-10-01,3.937,0.00025115,39.181,0.00023892
2021-10-02,4.275,0.00030000000000000003,42.338,0.00030000000000000003
2021-10-03,4.322,0.00030000000000000003,42.271,0.00030000000000000003
2021-10-04,4.641,0.00030000000000000003,44.478,0.00030000000000000003
2021-10-05,4.594,0.00030000000000000003,43.011,0.00030000000000000003
2021-10-06,4.734,0.00030000000000000003,46.75,0.00030000000000000003
2021-10-07,4.753,0.0006203599999999999,46.287,0.00030000000000000003
2021-10-08,4.725,0.00091238,46.078,0.00030000000000000003
2021-10-09,4.652,0.00065302,46.79,0.00036509
2021-10-10,5.006,0.00134228,48.74,0.00033154
2021-10-11,4.576,0.00030000000000000003,45.227,0.00030000000000000003
2021-10-12,4.549,0.00030000000000000003,45.09,0.00030000000000000003
2021-10-13,4.493,0.00030000000000000003,44.275,0.00030000000000000003
2021-10-14,4.607,0.00030000000000000003,44.831,0.00030000000000000003
2021-10-15,4.627,0.00061306,44.879,0.00030000000000000003
2021-10-16,4.649,0.00109067,44.648,0.00030000000000000003
2021-10-17,4.574,0.00051203,44.4,0.00030000000000000003
2021-10-18,4.412,0.00036378,43.215,0.00030000000000000003
2021-10-19,4.422,0.00044881,42.907,0.00030000000000000003
2021-10-20,4.462,0.00106174,42.91,0.0004985899999999999
2021-10-21,4.834,0.00207525,45.488,0.00071506
2021-10-22,4.672,0.00088857,45.047,0.00153081
2021-10-23,4.619,0.00067111,44.46,0.00117547
2021-10-24,4.752,0.0014296299999999999,44.75,0.00193706
2021-10-25,4.749,0.00073212,43.785,0.00154769
2021-10-26,4.824,0.00125036,44.552,0.0024410400000000002
2021-10-27,4.719,0.00090878,44.384,0.00120952
2021-10-28,4.149,0.00030000000000000003,39.206,0.00030000000000000003
2021-10-29,4.401,0.00030000000000000003,41.332,0.00030000000000000003
2021-10-30,4.502,0.00030000000000000003,43.227,0.00030000000000000003
2021-10-31,4.483,0.00035148,42.563,0.00030000000000000003
2021-11-01,4.638,0.00043743000000000005,44.723,0.00068406
2021-11-02,4.641,0.00116153,45.217,0.00100269
2021-11-03,4.705,0.0011153299999999999,46.428,0.00108236
2021-11-04,4.711,0.0006103300000000001,47.053,0.0018480200000000001
2021-11-05,4.546,0.00086363,46.448,0.0012128
2021-11-06,4.508,0.0007414,45.196,0.00070646
2021-11-07,4.45,0.00072306,45.034,0.00082143
2021-11-08,4.605,0.0013881800000000001,46.396,0.00216498
2021-11-09,4.866,0.00195107,50.678,0.00205479
2021-11-10,5.214,0.00114877,52.621,0.0019298
2021-11-11,4.841,0.00030000000000000003,48.249,0.00041745
2021-11-12,4.923,0.00030000000000000003,48.555,0.00048189
2021-11-13,4.85,0.00030000000000000003,47.351,0.00033467
2021-11-14,5.011,0.00030000000000000003,49.139,0.0009705199999999999
2021-11-15,4.956,0.00030000000000000003,48.566,0.0011923699999999999
2021-11-16,4.81,0.00030000000000000003,47.122,0.00047635000000000006
2021-11-17,4.327,0.00030000000000000003,42.822,0.00030000000000000003
2021-11-18,4.368,0.00030000000000000003,43.278,0.00030000000000000003
2021-11-19,4.087,0.00030000000000000003,39.84,0.00030000000000000003
2021-11-20,4.288,0.00030000000000000003,41.512,0.00030000000000000003
2021-11-21,4.343,0.00030000000000000003,42.129,0.00032894
2021-11-22,4.246,0.00030000000000000003,41.632,0.00030000000000000003
2021-11-23,4.136,0.00030000000000000003,40.243,0.00032182
2021-11-24,4.235,0.00030000000000000003,40.336,0.00059585
2021-11-25,4.122,0.00058289,39.199,0.0009645599999999999
2021-11-26,4.256,0.0006221800000000001,41.23,0.0010578200000000001
2021-11-27,3.852,0.00030000000000000003,37.146,0.00030000000000000003
2021-11-28,3.896,0.00030000000000000003,37.54,0.00030000000000000003
2021-11-29,3.966,0.00030000000000000003,38.027,0.00030000000000000003
2021-11-30,4.004,0.00030000000000000003,38.388,0.00030000000000000003
2021-12-01,4.006,0.00030000000000000003,37.563,0.0005782300000000001
2021-12-02,3.991,0.00030000000000000003,37.375,0.00030000000000000003
2021-12-03,3.966,0.00030000000000000003,36.584,0.00040237
2021-12-04,3.791,-0.00034229,35.034,-0.00016544
2021-12-05,3.143,-0.00031393,29.58,-0.00032405
2021-12-06,3.031,0.00030000000000000003,28.204,-0.00028842
2021-12-07,3.27,0.0002185,29.326,-0.00066476
2021-12-08,3.219,0.00025404,29.648,0.00016452
2021-12-09,3.648,0.00030000000000000003,31.13,0.00029752
2021-12-10,3.219,0.00027843000000000003,27.896,5.684e-05
2021-12-11,3.036,9.713000000000001e-05,26.711,7.501e-05
2021-12-12,3.411,0.00030000000000000003,28.035,0.0002314
2021-12-13,3.33,9.475000000000001e-05,28.104,0.00015539
2021-12-14,3.092,0.00028451,25.278,-7.520999999999999e-05
2021-12-15,3.351,0.00030000000000000003,26.305,0.00030000000000000003
2021-12-16,3.362,0.00030000000000000003,27.099,0.00030000000000000003
2021-12-17,3.209,0.00030000000000000003,26.412,0.00030000000000000003
2021-12-18,3.151,0.00030000000000000003,25.365,0.00030000000000000003
2021-12-19,3.24,0.00030000000000000003,25.844,0.00030000000000000003
2021-12-20,3.187,0.00030000000000000003,25.28,0.00023914000000000002
2021-12-21,3.187,0.00030000000000000003,25.616,0.00014896
2021-12-22,3.311,0.00030000000000000003,26.36,0.00030000000000000003
2021-12-23,3.348,0.00030000000000000003,27.262,0.00030000000000000003
2021-12-24,3.501,0.00030000000000000003,29.685,0.00030000000000000003
2021-12-25,3.378,0.00030000000000000003,28.953,0.00030000000000000003
2021-12-26,3.407,0.00030000000000000003,29.459,0.00030000000000000003
2021-12-27,3.394,0.00030000000000000003,29.518,0.00030000000000000003
2021-12-28,3.391,0.00028953000000000003,29.586,0.00021529
2021-12-29,3.128,0.00019165000000000002,26.991,0.00030000000000000003
2021-12-30,3.027,-0.00029350000000000003,26.061,0.00030000000000000003
2021-12-31,3.075,0.00016489,26.107,0.00030000000000000003
2022-01-01,3.033,0.00030000000000000003,25.668,0.00030000000000000003
2022-01-02,3.157,0.00030000000000000003,26.376,0.00030000000000000003
2022-01-03,3.251,0.00030000000000000003,27.004,0.00030000000000000003
2022-01-04,3.195,0.00030000000000000003,26.613,0.00030000000000000003
2022-01-05,3.166,0.00030000000000000003,26.011,0.00030000000000000003
2022-01-06,2.895,0.00018969,24.434,0.00012796000000000001
2022-01-07,2.92,0.00030000000000000003,24.708,0.00030000000000000003
2022-01-08,2.839,0.00030000000000000003,23.677,0.00030000000000000003
2022-01-09,2.749,0.00016078000000000002,23.044,0.00022132
2022-01-10,2.792,0.00028828,23.641,0.00023259000000000002
2022-01-11,2.7,0.00030000000000000003,22.64,0.00020714000000000003
2022-01-12,2.767,6.149000000000001e-05,23.797,0.00030000000000000003
2022-01-13,2.885,0.00030000000000000003,24.729,0.00030000000000000003
2022-01-14,2.79,0.00030000000000000003,23.502,0.00030000000000000003
2022-01-15,2.86,0.00030000000000000003,24.851,0.00030000000000000003
2022-01-16,2.908,0.00030000000000000003,25.315,0.00030000000000000003
2022-01-17,2.904,0.00030000000000000003,25.15,0.00030000000000000003
2022-01-18,2.83,0.00027436,23.922,8.315e-05
2022-01-19,2.824,2.532e-05,25.415,0.00020955
2022-01-20,2.736,0.00030000000000000003,23.82,0.00027614
2022-01-21,2.632,-8.248e-05,22.674,-0.00034931000000000003
2022-01-22,2.367,-0.00022927,19.552,-0.00017845
2022-01-23,2.22,8.826000000000001e-05,17.801,-0.0005182
2022-01-24,2.271,0.00017361,18.572,-0.00034417
2022-01-25,2.196,0.00016295,18.081,7.159000000000001e-05
2022-01-26,2.223,9.845000000000001e-05,18.228,-0.00017617
2022-01-27,2.211,-0.00040077,18.133,2.3409999999999998e-05
2022-01-28,2.222,2.2130000000000007e-05,18.061,5.4000000000000005e-05
2022-01-29,2.307,0.00017586000000000001,19.019,0.00018362
2022-01-30,2.335,0.00030000000000000003,19.328,0.00016639999999999998
2022-01-31,2.315,0.0001831,19.544,-3.139999999999999e-05
2022-02-01,2.335,0.00026164,19.684,0.00023182
2022-02-02,2.353,0.00028644,19.876,6.738000000000002e-05
2022-02-03,2.275,-0.0007831400000000001,20.116,-5.600000000000001e-06
2022-02-04,2.309,-0.00039331,20.184,8.468e-05
2022-02-05,2.48,0.00030000000000000003,22.408,0.00011325
2022-02-06,2.475,0.00030000000000000003,22.073,-0.00019136999999999995
2022-02-07,2.536,0.00018778,22.564,0.00030000000000000003
2022-02-08,2.694,0.00030000000000000003,23.736,0.00021159
2022-02-09,2.629,0.00021348,23.029,0.00030000000000000003
2022-02-10,2.669,0.00030000000000000003,23.994,-5.397000000000003e-05
2022-02-11,2.547,6.808000000000001e-05,23.776,6.827000000000001e-05
2022-02-12,2.411,0.00016816,22.192,0.00026684
2022-02-13,2.395,-2.311999999999999e-05,21.508,-0.00013667999999999997
2022-02-14,2.378,1.8150000000000007e-05,21.721,0.00026926
2022-02-15,2.369,-0.00021471,21.285,0.00014947000000000002
2022-02-16,2.529,0.00029879,22.65,-0.00063147
2022-02-17,2.547,0.00027813,25.66,-6.137000000000002e-05
2022-02-18,2.325,-0.00036972000000000003,23.657,-0.00023178999999999997
2022-02-19,2.294,0.00030000000000000003,26.17,-0.00034223
2022-02-20,2.287,0.00030000000000000003,24.965,-8.887000000000001e-05
2022-02-21,2.196,0.00010771000000000001,23.059,-0.00048653
2022-02-22,2.07,5.169e-05,20.111,-0.00126431
2022-02-23,2.166,6.46e-05,20.558,-0.00139283
2022-02-24,2.103,-0.00026283999999999997,19.477,-0.00133959
2022-02-25,2.069,-0.00019184,21.276,-0.00045264000000000003
2022-02-26,2.145,0.00025009,21.494,-0.0016016
2022-02-27,2.162,0.00014876,20.954,-0.00133631
2022-02-28,2.09,5.194000000000001e-05,19.88,-0.0009194400000000001
2022-03-01,2.282,0.00030000000000000003,23.062,0.00016833
2022-03-02,2.265,0.00030000000000000003,24.199,0.00030000000000000003
2022-03-03,2.212,0.00030000000000000003,23.941,0.00026932
2022-03-04,2.154,0.00010139,23.583,0.00021505
2022-03-05,2.001,-0.00040183,21.499,9.154000000000001e-05
2022-03-06,2.042,5.8250000000000006e-05,21.727,-0.00018188
2022-03-07,1.96,-0.00019313999999999998,20.461,-0.00054706
2022-03-08,1.919,8.319000000000001e-05,20.267,-0.00018376000000000002
2022-03-09,1.97,0.00030000000000000003,20.492,-0.00013692
2022-03-10,2.065,7.787000000000001e-05,21.258,-0.00100252
2022-03-11,1.982,0.00018428,20.668,-0.00010701000000000001
2022-03-12,1.973,0.00030000000000000003,20.008,-5.23e-05
2022-03-13,1.969,0.00030000000000000003,20.004,0.00010815
2022-03-14,1.905,0.00030000000000000003,19.016,0.00011227000000000001
2022-03-15,1.966,0.00030000000000000003,19.556,1.7660000000000017e-05
2022-03-16,1.986,0.00030000000000000003,19.464,0.00030000000000000003
2022-03-17,2.083,0.00030000000000000003,20.618,0.00030000000000000003
2022-03-18,2.085,0.00030000000000000003,20.653,0.00030000000000000003
2022-03-19,2.127,0.00030000000000000003,21.053,0.00030000000000000003
2022-03-20,2.215,0.00030000000000000003,22.025,0.00030000000000000003
2022-03-21,2.213,0.00030000000000000003,22.683,0.00027331
2022-03-22,2.347,0.00030000000000000003,22.577,0.00030000000000000003
2022-03-23,2.55,0.00030000000000000003,23.869,0.00030000000000000003
2022-03-24,2.499,0.00030000000000000003,24.328,0.00030000000000000003
2022-03-25,2.542,0.00030000000000000003,24.393,0.00030000000000000003
2022-03-26,2.505,0.00030000000000000003,24.151,0.00030000000000000003
2022-03-27,2.512,0.00030000000000000003,24.742,0.00030000000000000003
2022-03-28,2.67,0.00030000000000000003,26.039,0.00030000000000000003
2022-03-29,2.86,0.00030000000000000003,25.342,0.00030000000000000003
2022-03-30,2.895,0.00030000000000000003,26.854,0.00030000000000000003
2022-03-31,2.938,0.00030000000000000003,28.369,0.00030000000000000003
2022-04-01,2.827,0.00030000000000000003,26.926,0.00030000000000000003
2022-04-02,2.837,0.00030000000000000003,28.042,0.00030000000000000003
2022-04-03,2.787,0.00030000000000000003,27.572,0.00030000000000000003
2022-04-04,2.842,0.00030000000000000003,28.009,0.00030000000000000003
2022-04-05,2.889,0.00030000000000000003,27.182,0.00030000000000000003
2022-04-06,2.75,0.00030000000000000003,25.746,0.00030000000000000003
2022-04-07,2.425,0.00022818000000000003,22.434,0.00029858
2022-04-08,2.502,0.00030000000000000003,23.24,0.00030000000000000003
2022-04-09,2.377,0.00018049,21.825,0.0002133
2022-04-10,2.415,0.00018825000000000002,22.537,0.00025299000000000003
2022-04-11,2.359,0.00017628,21.563,0.00019751
2022-04-12,2.162,0.00015603,19.69,0.00028025
2022-04-13,2.243,0.00028881,20.383,0.0002432
2022-04-14,2.358,0.00030000000000000003,21.256,0.00025455
2022-04-15,2.307,0.00028486,20.588,0.00027967
2022-04-16,2.418,0.00030000000000000003,21.081,7.865000000000001e-05
2022-04-17,2.608,0.00030000000000000003,21.551,0.00030000000000000003
2022-04-18,2.415,0.00012084,20.465,-6.640000000000001e-06
